Year,Site,Rarefaction,General_Plot_Observations ,Inplot_Species_Observation,Outplot_Species_Observations,Comments
2023,B10,19,island in middle of Berg mostly grassland with shrubs growing up inbetween,"Bromus diandrus, Raphinus raphanistrum, Cynodon dactylon, Lolium perenne, Salix babylonica, Persicaria decipiens, Briza maxima, Avena fatua, Nothoscordum gracile, Polygonum aviculare, Pennisetum macrourum (Cenchrus caudatus), Paspalum dilatatum, Disvania ambrosioides, Senecio pterophorus, Xanthium strumarium, Eragrostis curvula, Populus x canescens, Plantago lanceolata, Rumex acetosella",NA,NA
2023,B11,7,Less close to river because washed out. Flood came thru,"Acer negundo, Raphanus raphanistrum, ice plant, Ehrharta",Zanthedischia aethiopica,NA
2023,B12,19,very diseased with rust | Mega lolium,"Lolium perenne, Solanum nigrum, Senecio pterophorus, Rumex crispus, Eucalyptus camaldulensis, Tropaeolum majus, Phragmites australis, Bromus cathartacus, Persicaria senegalensis, Populus alba, Polygonum aviculare, Acacia mearnsii, Raphanus raphanistrum, Xanthium strumarium, Ehrharta longiflora, Bromus diandrus, Lepidium didymum, Rumex pulcher, Ricinus communis",NA,NA
2023,B13,15,"debris filled shrub patch, has been affected by a flood","Senecio pterophorus, Pennisetum clandestinum, Solanum nigrum, Echium plantagineum, Searsia glauca, Eucalyptus camaldulensis, Ehrharta longiflora, Carduus tenuflorus, Lolium perenne, Zentedischia aethiopica, Kiggelaria africana, Helmenthotheca echioides, Rumex crispus, Bromus diandrus",NA,NA
2023,B14,19,grassland next to planted trees and water pump station. Planted species in plot,"Lobelia erinus, Ehrharta longiflora, Lolium perenne, Briza maxima, Echium plantagineum, Rumex crispus, Pennisetum clandestinum, Raphanus raphinistrum, Bromus diandrus, Lotus subbiflora, Cynodon dactylon, Erodium moschatum, Polygonum aviculare",NA,NA
2023,B15,1,Phragmites australis plot,Phragmites australis,"Raphanus raphanistrum, Ehrharta longiflora, Avena fatua, Bromus diandrus, Lolium perenne, Cynodon dactylon, Thorny acacia, Lobelia erinus, Leysera graphalodes, Silybum marianum, Echium plantagineum, Briza maxima, Aspalanthus acuminata, Lolium sp.",NA
2023,B16,10,curly dock and new grass,"Rumex crispus, Rumex cordatus, Persicaria, Lolium perenne, Raphanus raphinistrum, Verbena littoralis, Kiggelaria africana, Diospyros glabra, Wheat ???",NA,NA
2023,B17,14,plot crosses river in palmiet and rush patches,"Prionium serratum, Cyperus eragrostis, Sesbania punicea, Cliffortia strobilifa, Salix mucronata, Mentha lengiflora, Isolopsis levynsiana, Rumex crispus, Bulbinella newtans, Persiperia, Cotula coronopifolia, Veronica anagalis-aquatica, Monopsis diebelis, Xanthadeschia aethiopica,","Briza minima, Nothoscodum gracile, Cynodon dactylon, Pennisetum macrourum, Blue scarlet/phomena pumpernel, Turkey muline",NA
2023,B18,19,"Plot crossing river with A. donex, sheoak, acacia and eucalyptus","Casuarina cunninghamiana, Arundo donex, Persicaria, Briza minima, Lolium perenne, Raphanus raphinistrum, Rumex cordatus, Black mustard-like plant, Stelleria media, Ehrharta longiflora, chickweed, Humeria miralis, Cynodon dactylon, Taraxicum officinale, Red gum (Eucalyptus camaldulensis?), Lysmackia arvensis, Nightella (aquatic plant), Sesbania sp., Tough leaved plant (cape star?)",Calla lily,NA
2023,B19,14,"Few native species, by planted Eucalyptus row along river. One side sloping to river, sandy sediment | Aizoon dominated, other small species mixed in","Aizoon, Oncosiphon pelulifer, Cynodon dactylon, Lobelia, Baby rush, Agrostis type grass, Foxtail type grass (Triobolium uniolae), Red ground cover (4 leaf many seed), Dead snotblom, Bromus diandrus, Ehrharta longiflora, Eucalyptus, Lolium, Spergula arvensis",Stoebe,NA
2023,B2,42,"Protea, Cliffortia, Renosterbos",Plantago,NA,NA
2023,B20,10,"Eucalyptus grove, otherwise ground cover lolium perenne","Lolium perenne, Eucalyptus camaldulensis, Rumex cordatus, Rush, runner lanceolate, little toothes sapling, Cynodon dactylon, Calla lily, Basal lanceolate, Rumex crispus","P. australis, persicaria, palmiet",NA
2023,B21,17,dead grassland,"Salty cynodon?, Cynodon dactylon, Lolium perenne, Lebelia erinus, fuzzy swah??? plant lanceolate, Polygonum, baby rush, foxtail, lanceolate ?duntate?, Succulent trifoliate, baby olive leaf??, Citrellus aethi, Zanthium strumarium, Wild onion, Daisy, Water spinach, Dandelion, lotus (trefoil)",NA,NA
2023,B22,12,"on edge of false olive grove, native rich plot","Galenia africanum (Aizoon), Buddleja, Ehrharta calycina, Dandelion (Taraxacum officinale), Erodium moschatum, Bromus diandrus, Setaria spp., Unknown primrose, Yellow daisy with black anther, Avena fatua, Fleshy stipe plant, Dead orchid (orobanchaceae), Tree with blue fruit","Eucalyptus, Papyrus",NA
2023,B23,18,"Grassy area right off path, relatively trampled. Little crevass in NW","Bromus diandrus, Oncosiphon suffructosis, Lolium perenne, Goat weed, Oxtongue, Nightshade looking pink flowers, Echium plantagineum, Vetch, Ehrharta erecta, Avena fatua, Mallow, Ehrharta longiflora, Acacia, small firework grass, little feather grass, Danthonia, Saltwort (Salsola kali), Oncosiphon grandiflora",NA,NA
2023,B24,15,lots of dead on hill. Tall avena,"Avena fatua, Oncosiphon suffructosis, Bromus diandrus, feral soybean, Ehrharta erecta, Ricinus communis, Acacia saligna, Phragmites australis, Lupinus cosentinii, Aizoon africanum (Galenia africana), Berkheya rigida, Cynodon dactylon, Seriphium, Vicia, moss",NA,NA
2023,B25,17,"Plot straddling river, exposed bedrock, rush and phragmites in the water","Phragmites australis, Rush (bullrush with round seeds), Banana flower (Oncosiphon suffructosis), Spartina, Salix saligna, Red-stemmed opposite leaves (TBD1), Two balled fruits, light green (TND2), Foxtail 2, Succulent yellow flower (TBD3)- Oncosiphon grandiflora, Shovel leaf (TBD4), Longleaf spikey (TBD4), Polygonum, Prostrate yellow flower (TBD5), Red-based small rush (TBD6), Fleshy willow imposter (TBD7), Little poplar (TBD8), Lolium perenne",NA,NA
2023,B26,9,Dense phragmites,"Lupine, Sorrel, Dinky grass, Ricinus communis, Carex, Phragmites, Pennisetum clandestinum, Acacia, Dandelion",NA,NA
2023,B27,16,"Red clay soil, pipes and construction gear in area","Croton setiger, Lepidium africanum, Heliotropium supinum, Polygonum aviculare, Lolium, Mallow (Malva sp.), Amaranthus albus, Ox tongue, Sonchus asper, Redstem storksbill (Erodium cicutarium), Green rosemary from last site (Saltwort? Kalitragus), Wild lettuce (Lactuca serriola), Goatweed, Tribulus terrestris, Euphorbia serpens, Eleusine indica",NA,NA
2023,B28,17,"Aizoon patch, very dry, 20m from river w acacia and eucalyptus. Most grasses dead","Galenia africana, Acacia, Lolium perenne, Ehrharta longiflora, Bromus diandrus, Avena fatua, Asparagus capensis, Bottlebrush grass (Trifolium angustifolium), Yellow flower (genus Hermannia), Prostrate redstem, Pennisetum clandestinum, Spiky seed with decorated stipule (Medicago polymorpha), Green vine, Vetch, Lactuca serriola, Echium plantagineum, Fuzzy awned grass",NA,NA
2023,B29,20,"20m from river, patches of pennisetum clandestinum, rush, wild flowers, and papyrus","Pennisetum clandestinum, Lobelium erinus, Lolium perenne, Polygonum, Papyrus, Rush, wild onion, yellow flower, purple flower solenum, wild barley (Hordeum), Cynodon dactylifera, Foxtail, Bromus diandrus, Lanceolate leaf, knotweed, Rumex cordatus, Oncosiphon grandiflora, Baby rush, Devil's goathead, Fleshy opposite leaf unknown",NA,NA
2023,B3,5,On rocky island in river. Boulders and large cobbles. 5 dominant species.,"small grass, Prionium serratum, Restio subverticalis, Brabejam stellatifolium, Metrosiderous angustifolia",Pinus,NA
2023,B4,19,disturbed fern rock invasive pine and grass fallow land,NA,NA,NA
2023,B5,12,"Fallen oak trees maybe from June flood, Kikuyu nasturtium blackberry",NA,Anredera,NA
2023,B6,30,Wild almond restio grove. sundews moss like last year,NA,NA,NA
2023,B7,6,"Dominated by pennisetum, occasional lily, lots of brush under live grass","Zantedeshia aethiopica, Pennisetum clandestinum, Ehrharta longiflora, Erodium plantagineum, Helichrysum teretifolia, Rumex acetosella","Ursinia anthenoides, Ehrharta calycina, Cynodon dactylon, Pentamen's pallida","In Plot Insect Species: Tobacco hornworm, Protea bug"
2023,B8,9,sand pennisetum,"Cynodon dactylon, Pennisetum macrourum, Salix babylonica, Lolium perrene, Sesbania sp., Ricinus communis, Xanthium strumarium, Wild marigold",Citrellus amarus,NA
2023,B9,13,stoebe,"Polycarpon tetrophyllum, Helichrysum revolutum, Wahlenbergia capensis, Briza minor",Lolium perenne,NA
2023,E1,22,highly disturbed,"Tropaeolum majus, Cenchrus clandestinum, Malva multiflora, Olea europaea, Bromus diandrus, Quercus robur, Populus x canscens, Avena fatua, Ehrharta longiflora, Lolium multiflorum, Ricinus communis",Salix mucronata ssp. mucronata,NA
2023,E2,20,tropaeolum majus dominated,"Cirsium vulgare, Avena fatua, Helmanthotheca echinoides, Plantago lanceolata, Ehrharta longiflora, Rumex crispus",NA,NA
2023,E3,14,everything under oak canopy,"Tradescantia fumiensis, Galium sp., Kiggelaria africana, Q. robur, hairy stipules, chasmanthe floribunda, Exalis sp., Euphorbia peplus, Ehrharta sp., Cynosurus",Eucalyptus camaldulensis,NA
2023,E4,28,dominated by grass and pine like bushes (Hakea),NA,NA,NA
2023,Gauge 1160263,12,"Sandbar, downed trees (poplar?) but alive, trash",NA,NA,NA
2023,Gauge 1160295,17,"thorny acaia, steep",NA,NA,NA
2023,Gauge1160265,19,"grassland, on terrace above river","Bromus diandrus, Ehrharta calycina, Echium plantagineum, Eragrostis curvula, Diospyros glabra, Searsia lanceolata, Searsia undulata, Lolium perenne, Grielum humifusum, Helichrysum indicum, Taraxacum officinale, Leysera, Lobelium erinus, Erodium moschatum, Cynodon dactylon, Avena fatua, Raphanus raphinistrum, Convolvulus furinosus, Megathyrsus maximus","Phylica cleifolia, Viscum capensii",NA
2023,Gauge1160266,14,"Young phragmites australis patch, near tributaries/ rust infected","Lolium perenne, Lolium (branched), Phragmites australis, Lobelia erinus, Raphinus raphanastrum, Tooth-edged sapling, Ehrharta, Moss, Narrow-leaf, Persicaria, Lance-leaf yellow-maybe, Taraxacum officinale, Galenia africanum, Buddleja- false olive, Eucalyptus camaldulensis",NA,NA
