Year,SiteCode_Plot_Quadrant,AcceptedSpecies,PercentCoverAlive,PercentCoverDead,Comment
2022,berg_B29_NE,Pennisetum clandestinum,80,0,NA
2022,berg_B29_NE,Cynodon dactylon,15,0,NA
2022,berg_B29_NE,Lolium perenne,5,0,NA
2022,berg_B28_NE,Galenia africana,40,0,NA
2022,berg_B28_NE,Avena sativa,20,0,NA
2022,berg_B28_NE,Bromus diandrus,20,0,NA
2022,berg_B28_NE,Lolium perenne,5,0,NA
2022,berg_B28_NE,Hermannia disermifolia,5,0,NA
2022,berg_B27_NE,Erodium moschatum,30,0,NA
2022,berg_B27_NE,Cotula turbinata,20,0,NA
2022,berg_B27_NE,Malva parviflora,20,0,NA
2022,berg_B27_NE,Oncosiphon suffruticosus,5,0,NA
2022,berg_B26_NE,Lactuca serriola,50,0,NA
2022,berg_B26_NE,Lolium perenne,15,0,NA
2022,berg_B26_NE,Phragmites australis,5,0,NA
2022,berg_B26_NE,Carthamus lanatus,5,0,NA
2022,berg_B26_NE,Pennisetum clandestinum,10,0,NA
2022,berg_B26_NE,Erodium moschatum,5,0,NA
2022,berg_B26_NE,Oncosiphon suffruticosus,5,0,NA
2022,berg_B25_NE,Lolium perenne,10,0,Quadrant Wide Comment: rest is rock cover
2022,berg_B25_NE,Cotula coronopifolia,25,0,Quadrant Wide Comment: rest is rock cover
2022,berg_B25_NE,Acacia saligna,10,0,Quadrant Wide Comment: rest is rock cover
2022,berg_B24_NE,Oncosiphon suffruticosus,50,0,NA
2022,berg_B24_NE,Galenia africana,20,0,NA
2022,berg_B24_NE,Avena sativa,10,0,NA
2022,berg_B24_NE,Chenopodium album,5,0,NA
2022,berg_B24_NE,Carthamus lanatus,5,0,NA
2022,berg_B24_NE,Ehrharta calycina,10,0,NA
2022,berg_B23_NE,Bromus diandrus,60,0,NA
2022,berg_B23_NE,Chenopodium album,30,0,NA
2022,berg_B23_NE,Vicia sativa,10,0,NA
2022,berg_B22_NE,Galenia africana,60,0,NA
2022,berg_B22_NE,Ehrharta calycina,5,0,NA
2022,berg_B22_NE,Bromus sp.,5,0,NA
2022,berg_B22_NE,Ehrharta longiflora,5,0,NA
2022,berg_B22_NE,Oxalis pes-caprae,5,0,NA
2022,berg_B21_NE,Avena sativa,30,0,NA
2022,berg_B21_NE,Cynodon dactylon,30,0,NA
2022,berg_B21_NE,Arctotis hirsuta,20,0,NA
2022,berg_B21_NE,Lolium perenne,5,0,NA
2022,berg_B21_NE,Erodium moschatum,5,0,NA
2022,berg_B20_NE,Lolium perenne,90,0,NA
2022,berg_B20_NE,Eucalyptus camaldulensis,8,0,NA
2022,berg_B19_NE,Arctotheca calendula,20,0,Quadrant Wide Comment: 70% is bare ground
2022,berg_B19_NE,Oncosiphon suffruticosus,10,0,Quadrant Wide Comment: 70% is bare ground
2022,berg_B19_NE,Senecio elegans,5,0,Quadrant Wide Comment: 70% is bare ground
2022,berg_B19_NE,Galium spurium,5,0,Quadrant Wide Comment: 70% is bare ground
2022,berg_B18_NE,Phragmites australis,36,54,NA
2022,berg_B18_NE,Acacia mearnsii,10,0,NA
2022,berg_B17_NE,Cliffortia strobilifera,60,0,NA
2022,berg_B17_NE,Pennisetum macrourum,20,0,NA
2022,berg_B17_NE,Salix mucronata,15,0,synonym of S. capensis
2022,berg_B16_NE,Raphanus raphanistrum,70,0,NA
2022,berg_B16_NE,Lolium perenne,10,0,NA
2022,berg_B16_NE,Avena sativa,5,0,NA
2022,berg_B15_NE,Phragmites australis,5,95,NA
2022,berg_B14_NE,Echium plantagineum,50,0,NA
2022,berg_B14_NE,Erodium moschatum,5,0,NA
2022,berg_B14_NE,Avena sativa,10,0,NA
2022,berg_B14_NE,Ehrharta longiflora,10,0,NA
2022,berg_B14_NE,Lolium perenne,10,0,NA
2022,berg_B13_NE,Tropaeolum majus,60,0,NA
2022,berg_B13_NE,Xanthium strumarium,10,0,NA
2022,berg_B13_NE,Raphanus raphanistrum,20,0,NA
2022,berg_B13_NE,Lolium perenne,10,0,NA
2022,berg_B12_NE,Raphanus raphanistrum,20,0,NA
2022,berg_B12_NE,Solanum nigrum,35,0,NA
2022,berg_B12_NE,Eucalyptus camaldulensis,35,0,NA
2022,berg_B12_NE,Fumaria capreolata,5,0,NA
2022,berg_B12_NE,Tropaeolum majus,5,0,NA
2022,berg_B11_NE,Bromus diandrus,30,0,NA
2022,berg_B11_NE,Fumaria muralis,40,0,NA
2022,berg_B11_NE,Acer negundo,20,0,NA
2022,berg_B11_NE,Raphanus raphanistrum,10,0,NA
2022,berg_B10_NE,Melinis repens,35,0,NA
2022,berg_B10_NE,Avena sativa,25,0,NA
2022,berg_B10_NE,Echium plantagineum,15,0,NA
2022,berg_B10_NE,Vicia hirsuta,5,0,NA
2022,berg_B10_NE,Lolium perenne,30,0,NA
2022,berg_B9_NE,Briza maxima,40,0,NA
2022,berg_B9_NE,Stoebe plumosa,10,0,NA
2022,berg_B9_NE,Hypochaeris radicata,10,0,NA
2022,berg_B9_NE,Lupinus angustifolius,5,0,NA
2022,berg_B9_NE,Bromus diandrus,35,0,NA
2022,berg_B8_NE,Pennisetum macrourum,95,0,NA
2022,berg_B7_NE,Pennisetum macrourum,95,5,NA
2022,berg_B6_NE,Stoebe plumosa,60,0,NA
2022,berg_B6_NE,Cannomois virgata,25,0,NA
2022,berg_B6_NE,Metrosideros angustifolia,5,0,NA
2022,berg_B6_NE,Struthiola myrsinites,5,0,NA
2022,berg_B6_NE,Polytrichum commune,5,0,NA
2022,berg_B5_NE,Pennisetum clandestinum,65,0,NA
2022,berg_B5_NE,Tropaeolum majus,20,0,NA
2022,berg_B5_NE,Rubus fruticosus,15,0,NA
2022,berg_B4_NE,Cliffortia ruscifolia,20,0,NA
2022,berg_B4_NE,Passerina rigida,5,0,NA
2022,berg_B4_NE,Pteridium aquilinum,5,0,NA
2022,berg_B4_NE,Pinus pinaster,5,0,NA
2022,berg_B4_NE,Stoebe plumosa,15,0,NA
2022,berg_B4_NE,Lobostemon sp.,5,0,NA
2022,berg_B4_NE,,25,0,Unknown grass
2022,berg_B4_NE,Bromus diandrus,20,0,NA
2022,berg_B3_NE,Capeochloa cincta,20,0,Quadrant Wide Comment: Rest is Bare rock
2022,berg_B3_NE,Anthospermum aethiopicum,20,0,Quadrant Wide Comment: Rest is Bare rock
2022,berg_B2_NE,Cliffortia ruscifolia,33,0,NA
2022,berg_B2_NE,Rhodocoma sp.,33,0,NA
2022,berg_B2_NE,Capeochloa cincta,33,0,NA
2022,eerste_E4_NE,Pteridium aquilinum,60,0,NA
2022,eerste_E4_NE,Restio subverticellatus,10,0,NA
2022,eerste_E4_NE,Capeochloa cincta,5,0,.=merxmullera cincta
2022,eerste_E4_NE,Danthonia sp.,5,0,NA
2022,eerste_E3_NE,Commelina benghalensis,80,0,NA
2022,eerste_E3_NE,Chasmanthe floribunda,10,0,NA
2022,eerste_E3_NE,Galium sp.,5,0,NA
2022,eerste_E3_NE,Quercus rober,5,0,NA
2022,eerste_E2_NE,Tropaeolum majus,80,0,NA
2022,eerste_E2_NE,Pennisetum clandestinum,20,0,NA
2022,eerste_E1_NE,Lolium perenne,30,0,Quadrant Wide Comment: 50% Bare Ground
2022,eerste_E1_NE,Avena sativa,10,0,Quadrant Wide Comment: 50% Bare Ground
2022,eerste_E1_NE,Echium plantagineum,5,0,Quadrant Wide Comment: 50% Bare Ground
2022,berg_Gauge1160295_NE,Tropaeolum majus,55,0,NA
2022,berg_Gauge1160295_NE,Pennisetum clandestinum,45,0,NA
2022,berg_Gauge1160295_NE,Melia azedarach,5,0,NA
2022,berg_Gauge1160265_NE,Arctotheca calendula,60,0,NA
2022,berg_Gauge1160265_NE,Dimorphotheca pluvialis,20,0,NA
2022,berg_Gauge1160265_NE,Cissampelos capensis,5,0,NA
2022,berg_Gauge1160265_NE,Ehrharta longiflora,5,0,NA
2022,berg_Gauge1160265_NE,Lolium perenne,10,0,NA
2022,berg_Gauge1160263_NE,Commelina benghalensis,60,0,NA
2022,berg_Gauge1160263_NE,Rumex cordatus,30,0,NA
2022,berg_Gauge1160263_NE,Sesbania sesban,5,0,NA
2022,berg_Gauge1160263_NE,Typha latifolia,5,0,NA
2022,berg_Gauge1160266_NE,Avena sativa,20,0,NA
2022,berg_Gauge1160266_NE,Ehrharta calycina,20,0,NA
2022,berg_Gauge1160266_NE,Bromus sp.,15,0,NA
2022,berg_Gauge1160266_NE,Galenia africana,25,0,NA
2022,berg_Gauge1160266_NE,Buddleja saligna,20,0,NA
2023,eerste_E4_NW,Protea sp.,10,0,NA
2023,eerste_E4_NW,Pteridium aquilinum,55,0,NA
2023,eerste_E4_NW,Podalyria calyptrata,10,0,NA
2023,eerste_E4_NW,redtop shrub- unidentified,5,0,NA
2023,eerste_E4_NW,Cyclopia genistoides,5,0,NA
2023,eerste_E4_NW,Phylica sp.,5,0,NA
2023,eerste_E4_NE,Danthonia sp.,50,0,NA
2023,eerste_E4_NE,Trifoliate plume- unidentified,5,0,NA
2023,eerste_E4_NE,Pteridium aquilinum,20,0,NA
2023,eerste_E4_NE,Cyclopia genistoides,5,0,NA
2023,eerste_E4_NE,Podalyria calyptrata,5,0,NA
2023,eerste_E4_SW,Podalyria calyptrata,30,0,NA
2023,eerste_E4_SW,Cyclopia genistoides,30,0,NA
2023,eerste_E4_SW,Danthonia sp.,30,0,NA
2023,eerste_E4_SW,Pteridium aquilinum,5,0,NA
2023,eerste_E4_SW,Protea sp.,5,0,NA
2023,eerste_E4_SE,Danthonia sp.,25,0,NA
2023,eerste_E4_SE,Podalyria calyptrata,10,0,NA
2023,eerste_E4_SE,Ursinia paleacea,5,0,NA
2023,eerste_E4_SE,Cuscuta sp.,5,0,NA
2023,eerste_E4_SE,Pteridium aquilinum,15,0,NA
2023,eerste_E4_SE,Protea sp.,5,0,NA
2023,eerste_E4_SE,Restio sp.,10,0,NA
2023,eerste_E3_NW,Quercus robur,100,0,NA
2023,eerste_E3_NE,Quercus robur,100,0,NA
2023,eerste_E3_SW,Quercus robur,100,0,NA
2023,eerste_E3_SE,Quercus robur,100,0,NA
2023,eerste_E2_NW,Melia azedarach,10,0,NA
2023,eerste_E2_NW,Ricinus communis,10,0,NA
2023,eerste_E2_NW,Colocasia esculenta,10,0,NA
2023,eerste_E2_NW,Sesbania sesban,5,0,NA
2023,eerste_E2_NW,Bromus catharticus,40,0,NA
2023,eerste_E2_NW,Tropaeolum majus,15,0,NA
2023,eerste_E2_NW,Lolium perenne,5,0,NA
2023,eerste_E2_NE,Colocasia esculenta,35,0,NA
2023,eerste_E2_NE,Bromus catharticus,25,0,NA
2023,eerste_E2_NE,Tropaeolum majus,25,0,NA
2023,eerste_E2_NE,Ricinus communis,7,0,NA
2023,eerste_E2_SW,Melia azedarach,25,0,NA
2023,eerste_E2_SW,Ricinus communis,50,0,NA
2023,eerste_E2_SW,Tropaeolum majus,15,0,NA
2023,eerste_E2_SW,Bromus catharticus,10,0,NA
2023,eerste_E2_SE,Bromus catharticus,50,0,NA
2023,eerste_E2_SE,Tropaeolum majus,30,0,NA
2023,eerste_E2_SE,Helminthotheca echioides,5,0,NA
2023,eerste_E2_SE,Torilis africana,5,0,NA
2023,eerste_E2_SE,Lolium perenne,5,0,NA
2023,eerste_E1_NW,Olea europaea,85,0,NA
2023,eerste_E1_NW,Populus canescens,5,0,NA
2023,eerste_E1_NW,Pennisetum clandestinum,5,0,NA
2023,eerste_E1_NE,Olea europaea,50,0,NA
2023,eerste_E1_NE,Malva multiflora,10,0,NA
2023,eerste_E1_NE,Echium plantagineum,15,0,NA
2023,eerste_E1_NE,Senecio pterophorus,5,0,NA
2023,eerste_E1_NE,Pennisetum clandestinum,5,0,NA
2023,eerste_E1_SW,Olea europaea,10,0,NA
2023,eerste_E1_SW,Populus canescens,7,0,NA
2023,eerste_E1_SW,Pennisetum clandestinum,5,0,NA
2023,eerste_E1_SW,Lolium multiflorum,5,0,NA
2023,eerste_E1_SE,Olea europaea,40,0,NA
2023,eerste_E1_SE,Echium plantagineum,5,0,NA
2023,eerste_E1_SE,Senecio pterophorus,5,0,NA
2023,eerste_E1_SE,Ehrharta longiflora,10,0,NA
2023,berg_B29_NW,Rush- unidentified,30,0,NA
2023,berg_B29_NW,Cyperus papyrus,35,0,NA
2023,berg_B29_NW,Cynodon dactylon,10,0,NA
2023,berg_B29_NW,Pennisetum clandestinum,15,0,NA
2023,berg_B29_NE,Cyperus papyrus,15,0,NA
2023,berg_B29_NE,Lolium perenne,20,0,NA
2023,berg_B29_NE,Pennisetum clandestinum,65,0,NA
2023,berg_B29_SW,Nothoscordum gracile,20,0,NA
2023,berg_B29_SW,Lolium perenne,20,0,NA
2023,berg_B29_SW,Rush- unidentified,5,0,NA
2023,berg_B29_SW,Cynodon dactylon,20,0,NA
2023,berg_B29_SW,Pennisetum clandestinum,15,0,NA
2023,berg_B29_SE,Nothoscordum gracile,15,0,NA
2023,berg_B29_SE,Lolium perenne,20,0,NA
2023,berg_B29_SE,Bromus diandrus,5,0,NA
2023,berg_B29_SE,Cyanella hyacinthoides,5,0,NA
2023,berg_B29_SE,Pennisetum clandestinum,45,0,NA
2023,berg_B29_SE,Cynodon dactylon,5,0,NA
2023,berg_B28_NW,Galenia africana,20,0,NA
2023,berg_B28_NW,Hermannia sp.,8,0,NA
2023,berg_B28_NW,Trifolium angustifolium,10,0,NA
2023,berg_B28_NW,Prostrate redstem,5,0,NA
2023,berg_B28_NW,Ehrharta longiflora,0,10,NA
2023,berg_B28_NE,Galenia africana,40,0,NA
2023,berg_B28_NE,Asparagus capensis,5,0,NA
2023,berg_B28_NE,Ehrharta longiflora,0,25,NA
2023,berg_B28_NE,Lolium perenne,0,5,NA
2023,berg_B28_SW,Galenia africana,45,0,NA
2023,berg_B28_SW,Ehrharta longiflora,0,15,NA
2023,berg_B28_SW,Trifolium angustifolium,0,5,NA
2023,berg_B28_SW,Avena fatua,0,5,NA
2023,berg_B28_SW,Bromus diandrus,0,5,NA
2023,berg_B28_SW,Hermannia sp.,5,0,NA
2023,berg_B28_SE,Galenia africana,25,0,NA
2023,berg_B28_SE,Ehrharta longiflora,0,10,NA
2023,berg_B28_SE,Trifolium angustifolium,0,10,NA
2023,berg_B28_SE,Avena fatua,0,5,NA
2023,berg_B28_SE,Bromus diandrus,0,5,NA
2023,berg_B28_SE,Asparagus capensis,10,0,NA
2023,berg_B28_SE,Pennisetum clandestinum,0,10,NA
2023,berg_B27_NW,Croton setiger,30,0,NA
2023,berg_B27_NW,Lepidium africanum,10,0,NA
2023,berg_B27_NW,Amaranthus graecizans,10,0,NA
2023,berg_B27_NW,Malva sp.,0,5,NA
2023,berg_B27_NW,Heliotropium supinum,10,0,NA
2023,berg_B27_NE,Croton setiger,15,0,NA
2023,berg_B27_NE,Amaranthus graecizans,15,0,NA
2023,berg_B27_NE,Heliotropium supinum,8,0,NA
2023,berg_B27_NE,Lepidium africanum,8,0,NA
2023,berg_B27_NE,Salsola kali,5,0,NA
2023,berg_B27_SW,Croton setiger,30,0,NA
2023,berg_B27_SW,Lepidium africanum,8,0,NA
2023,berg_B27_SW,Malva sp.,0,5,NA
2023,berg_B27_SW,Heliotropium supinum,10,0,NA
2023,berg_B27_SW,Amaranthus graecizans,5,0,NA
2023,berg_B27_SE,Croton setiger,35,0,NA
2023,berg_B27_SE,Amaranthus graecizans,10,0,NA
2023,berg_B27_SE,Heliotropium supinum,5,0,NA
2023,berg_B26_NW,Pennisetum clandestinum,5,0,NA
2023,berg_B26_NW,Bolboschoenus sp.,5,0,NA
2023,berg_B26_NW,Phragmites australis,90,0,NA
2023,berg_B26_NE,Phragmites australis,100,0,NA
2023,berg_B26_SW,Phragmites australis,100,0,NA
2023,berg_B26_SE,Phragmites australis,100,0,NA
2023,berg_B25_NW,Phragmites australis,5,0,NA
2023,berg_B25_NW,Juncus acutus,5,0,NA
2023,berg_B25_NW,Eragrostis sp. ,10,0,NA
2023,berg_B25_NW,Cotula coronopifolia,5,0,NA
2023,berg_B25_NE,Eragrostis sp. ,35,0,NA
2023,berg_B25_NE,Cotula coronopifolia,10,0,NA
2023,berg_B25_NE,Phragmites australis,5,0,NA
2023,berg_B25_NE,Juncus acutus,5,0,NA
2023,berg_B25_NE,Hordeum sp.,5,0,NA
2023,berg_B25_NE,Lolium perenne,5,0,NA
2023,berg_B25_SE,Eragrostis sp. ,30,0,NA
2023,berg_B25_SE,Juncus acutus,5,0,NA
2023,berg_B25_SW,Juncus acutus,15,0,NA
2023,berg_B25_SW,Eragrostis sp. ,10,0,NA
2023,berg_B24_NW,Galenia africana,0,5,NA
2023,berg_B24_NW,Berkheya rigida,5,0,NA
2023,berg_B24_NW,Phragmites australis,5,0,NA
2023,berg_B24_NW,Acacia saligna,5,0,NA
2023,berg_B24_NW,Cynodon dactylon,5,0,NA
2023,berg_B24_NW,Galenia africana,5,0,NA
2023,berg_B24_NW,Ehrharta erecta,0,20,NA
2023,berg_B24_NW,Brous diandrus,0,10,NA
2023,berg_B24_NW,Avena fatua,0,35,NA
2023,berg_B24_NE,Avena fatua,0,42.5,NA
2023,berg_B24_NE,Ehrharta erecta,0,32.5,NA
2023,berg_B24_NE,Malva sp.,0,15,NA
2023,berg_B24_NE,Oncosiphon suffruticosus,5,0,NA
2023,berg_B24_NE,Galenia africana,5,0,NA
2023,berg_B24_SW,Bromus diandrus,0,15,NA
2023,berg_B24_SW,Galenia africana,10,0,NA
2023,berg_B24_SW,Acacia saligna,5,0,NA
2023,berg_B24_SW,Oncosiphon suffruticosus,5,0,NA
2023,berg_B24_SW,Cynodon dactylon,0,10,NA
2023,berg_B24_SW,Ehrharta erecta,0,10,NA
2023,berg_B24_SW,Avena fatua,0,40,NA
2023,berg_B24_SE,Galenia africana,30,0,NA
2023,berg_B24_SE,Phragmites australis,5,0,NA
2023,berg_B24_SE,Oncosiphon suffruticosus,0,5,NA
2023,berg_B24_SE,Bromus diandrus,0,5,NA
2023,berg_B24_SE,Avena fatua,0,35,NA
2023,berg_B24_SE,Ehrharta erecta,0,20,NA
2023,berg_B23_NW,Oncosiphon suffruticosus,35,0,NA
2023,berg_B23_NW,Bromus diandrus,0,35,NA
2023,berg_B23_NW,Diplachne capensis,0,30,NA
2023,berg_B23_NE,Oncosiphon suffruticosus,20,0,NA
2023,berg_B23_NE,Vetch,0,5,NA
2023,berg_B23_NE,Bromus diandrus,0,30,NA
2023,berg_B23_NE,Lolium perenne,0,20,NA
2023,berg_B23_NE,Diplachne capensis,0,20,NA
2023,berg_B23_SW,Oncosiphon suffruticosus,10,0,NA
2023,berg_B23_SW,Avena fatua,0,5,NA
2023,berg_B23_SW,Ehrharta erecta,0,50,NA
2023,berg_B23_SW,Diplachne capensis,0,30,NA
2023,berg_B23_SW,Bromus diandrus,0,5,NA
2023,berg_B23_SE,Oncosiphon suffruticosus,10,0,NA
2023,berg_B23_SE,Oncosiphon grandiflorus,5,0,NA
2023,berg_B23_SE,Diplachne capensis,0,50,NA
2023,berg_B23_SE,Bromus diandrus,0,15,NA
2023,berg_B23_SE,Lolium perenne,0,5,NA
2023,berg_B23_SE,Ehrharta erecta,0,5,NA
2023,berg_B22_NW,Galenia africana,40,0,NA
2023,berg_B22_NW,Ehrharta calycina,35,0,NA
2023,berg_B22_NW,Buddleja saligna,5,0,NA
2023,berg_B22_NW,Setaria sp.,5,0,NA
2023,berg_B22_NE,Buddleja saligna,15,0,NA
2023,berg_B22_NE,Galenia africana,20,0,NA
2023,berg_B22_NE,Setaria sp.,5,0,NA
2023,berg_B22_NE,Ehrharta calycina,40,0,NA
2023,berg_B22_SW,Galenia africana,40,5,NA
2023,berg_B22_SW,Setaria sp.,10,0,NA
2023,berg_B22_SW,Ehrharta calycina,35,0,NA
2023,berg_B22_SE,Galenia africana,75,5,NA
2023,berg_B22_SE,Ehrharta calycina,10,0,NA
2023,berg_B22_SE,Setaria sp.,5,0,NA
2023,berg_B21_NW,Lobelia erinus,5,0,NA
2023,berg_B21_NW,Lanceolate dentate weed,5,0,NA
2023,berg_B21_NW,Cynodon sp.,10,0,NA
2023,berg_B21_NW,Lolium perenne,0,30,NA
2023,berg_B21_NW,Setaria sp.,0,20,NA
2023,berg_B21_NE,Cynodon sp.,10,0,NA
2023,berg_B21_NE,Lolium perenne,0,43,NA
2023,berg_B21_NE,Setaria sp.,0,43,NA
2023,berg_B21_SE,Nothoscordum gracile,5,0,NA
2023,berg_B21_SE,Cynodon sp.,10,0,NA
2023,berg_B21_SE,Setaria sp. ,15,20,NA
2023,berg_B21_SE,Lolium perenne,50,0,NA
2023,berg_B21_SW,Quercus sp. ,5,0,NA
2023,berg_B21_SW,Lanceolate dentate weed,5,0,NA
2023,berg_B21_SW,Cynodon sp. ,10,0,NA
2023,berg_B21_SW,baby bunch rush,5,0,NA
2023,berg_B21_SW,Setaria sp.,5,20,NA
2023,berg_B21_SW,Lolium sp.,25,0,NA
2023,berg_B20_NW,Eucalyptus camaldulensis,70,0,NA
2023,berg_B20_NW,Lolium perenne,20,0,NA
2023,berg_B20_NW,Cynodon dactylon,10,0,NA
2023,berg_B20_NE,Eucalyptus camaldulensis,80,0,NA
2023,berg_B20_NE,Lolium perenne,10,0,NA
2023,berg_B20_NE,Cynodon dactylon,5,0,NA
2023,berg_B20_SW,Eucalyptus camaldulensis,10,0,NA
2023,berg_B20_SW,rush,5,0,NA
2023,berg_B20_SW,Lolium perenne,50,0,NA
2023,berg_B20_SW,Cynodon dactylon,35,0,NA
2023,berg_B20_SE,Eucalyptus camaldulensis,20,0,NA
2023,berg_B20_SE,Cynodon dactylon,40,0,NA
2023,berg_B20_SE,Lolium perenne,40,0,NA
2023,berg_B19_NW,Galenia africana,25,0,NA
2023,berg_B19_NW,Oncosiphon pilulifer,5,0,NA
2023,berg_B19_NE,Galenia africana,25,0,NA
2023,berg_B19_NE,Cynodon dactylon,15,0,NA
2023,berg_B19_NE,Oncosiphon pilulifer,5,0,NA
2023,berg_B19_NE,Drosera capensis,0,10,NA
2023,berg_B19_SW,Galenia africana,25,0,NA
2023,berg_B19_SW,Oncosiphon pilulifer,5,0,NA
2023,berg_B19_SE,Galenia africana,50,0,NA
2023,berg_B19_SE,Oncosiphon pilulifer,10,0,NA
2023,berg_B18_NW,Cynodon dactylon,10,0,NA
2023,berg_B18_NW,Eucalyptus camaldulensis,25,0,NA
2023,berg_B18_NW,Casuarina cunninghamiana,15,0,NA
2023,berg_B18_NW,Arundo donax,30,0,NA
2023,berg_B18_NE,Arundo donax,30,0,NA
2023,berg_B18_NE,Eucalyptus camaldulensis,15,0,NA
2023,berg_B18_SW,Eucalyptus camaldulensis,75,0,NA
2023,berg_B18_SW,Casuarina cunninghamiana,10,0,NA
2023,berg_B18_SE,Arundo donax,20,0,NA
2023,berg_B18_SE,Casuarina cunninghamiana,20,0,NA
2023,berg_B17_NW,Cliffortia strobilifera,10,0,NA
2023,berg_B17_NW,Prionium serratum,90,0,NA
2023,berg_B17_NE,Cliffortia strobilifera,5,0,NA
2023,berg_B17_NE,Salix mucronata,5,0,NA
2023,berg_B17_NE,Prionium serratum,80,0,NA
2023,berg_B17_SW,Cyperus eragrostis,15,0,NA
2023,berg_B17_SW,Sesbania punicea,5,0,NA
2023,berg_B17_SW,Bulbinella nutans,5,0,NA
2023,berg_B17_SW,Cliffortia strobilifera,70,0,NA
2023,berg_B17_SE,Cliffortia strobilifera,50,0,NA
2023,berg_B17_SE,Mentha longifolia,5,0,NA
2023,berg_B17_SE,Salix mucronata,5,0,NA
2023,berg_B17_SE,Persicaria sp.,5,0,NA
2023,berg_B17_SE,Cyperus eragrostis,30,0,NA
2023,berg_B16_NW,Kiggelaria africana,30,0,NA
2023,berg_B16_NW,Pennisetum macrourum,25,0,NA
2023,berg_B16_NW,Lolium perenne,20,0,NA
2023,berg_B16_NW,Rumex cordatus,15,0,NA
2023,berg_B16_NE,Pennisetum macrourum,75,0,NA
2023,berg_B16_NE,Rumex crispus,5,0,NA
2023,berg_B16_NE,Rumex cordatus,10,0,NA
2023,berg_B16_NE,Lolium perenne,5,0,NA
2023,berg_B16_SW,Pennisetum macrourum,25,0,NA
2023,berg_B16_SW,Lolium perenne,25,0,NA
2023,berg_B16_SW,Rumex crispus,5,0,NA
2023,berg_B16_SW,Verbena litoralis,5,0,NA
2023,berg_B16_SW,Kiggelaria africana,8,0,NA
2023,berg_B16_SW,Rumex cordatus,20,0,NA
2023,berg_B16_SE,Lolium perenne,5,0,NA
2023,berg_B16_SE,Rumex cordatus,60,0,NA
2023,berg_B16_SE,Rumex crispus,7,0,NA
2023,berg_B16_SE,Pennisetum macrourum,13,0,NA
2023,berg_B15_NW,Phragmites australis,100,0,NA
2023,berg_B15_NE,Phragmites australis,100,0,NA
2023,berg_B15_SW,Phragmites australis,100,0,NA
2023,berg_B15_SE,Phragmites australis,100,0,NA
2023,berg_B14_NW,Avena fatua,25,0,NA
2023,berg_B14_NW,Lolium arundinaceum,15,0,NA
2023,berg_B14_NW,Pennisetum clandestinum,20,0,NA
2023,berg_B14_NW,Echium plantagineum,5,0,NA
2023,berg_B14_NW,Bromus diandrus,5,0,NA
2023,berg_B14_NE,Lobelia erinus,5,0,NA
2023,berg_B14_NE,Avena fatua,10,0,NA
2023,berg_B14_NE,Echium plantagineum,5,0,NA
2023,berg_B14_NE,Lolium perenne,5,0,NA
2023,berg_B14_NE,Lolium arundinaceum,5,0,NA
2023,berg_B14_NE,Cynodon dactylon,5,0,NA
2023,berg_B14_NE,Ficus ingens,5,0,NA
2023,berg_B14_SW,Bromus diandrus,25,0,NA
2023,berg_B14_SW,Avena fatua,5,0,NA
2023,berg_B14_SW,Lolium perenne,5,0,NA
2023,berg_B14_SW,Pennisetum clandestinum,55,0,NA
2023,berg_B14_SE,Lolium arundinaceum,20,0,NA
2023,berg_B14_SE,Pennisetum clandestinum,35,0,NA
2023,berg_B14_SE,Avena fatua,5,0,NA
2023,berg_B14_SE,Bromus diandrus,10,0,NA
2023,berg_B14_SE,Erodium moschatum,5,0,NA
2023,berg_B13_NW,Kiggelaria africana,70,0,NA
2023,berg_B13_NW,Ehrharta longiflora,5,0,NA
2023,berg_B13_NW,Senecio pterophorus,5,0,NA
2023,berg_B13_NW,Pennisetum clandestinum,10,0,NA
2023,berg_B13_NE,Raphanus raphanistrum,5,0,NA
2023,berg_B13_NE,Kiggelaria africana,20,0,NA
2023,berg_B13_NE,Searsia glauca,10,0,NA
2023,berg_B13_NE,Lolium perenne,5,0,NA
2023,berg_B13_NE,Tropaeolum majus,5,0,NA
2023,berg_B13_NE,Senecio pterophorus,15,0,NA
2023,berg_B13_NE,Ehrharta longiflora,15,0,NA
2023,berg_B13_SW,Kiggelaria africana,20,0,NA
2023,berg_B13_SW,Searsia glauca,10,0,NA
2023,berg_B13_SW,Senecio pterophorus,35,0,NA
2023,berg_B13_SW,Echium plantagineum,5,0,NA
2023,berg_B13_SW,Pennisetum clandestinum,15,0,NA
2023,berg_B13_SW,Bromus diandrus,5,0,NA
2023,berg_B13_SE,Senecio pterophorus,60,0,NA
2023,berg_B13_SE,Ehrharta longiflora,10,0,NA
2023,berg_B13_SE,Bromus diandrus,5,0,NA
2023,berg_B12_NW,Lolium perenne,30,0,NA
2023,berg_B12_NW,Senecio pterophorus,25,0,NA
2023,berg_B12_NW,Persicaria senegalensis,20,0,NA
2023,berg_B12_NW,Rumex crispus,5,0,NA
2023,berg_B12_NE,Lolium perenne,25,0,NA
2023,berg_B12_NE,Persicaria senegalensis,15,0,NA
2023,berg_B12_NE,Populus alba,5,0,NA
2023,berg_B12_NE,Xanthium strumarium,10,0,NA
2023,berg_B12_NE,Phragmites australis,5,0,NA
2023,berg_B12_SW,Eucalyptus camaldulensis,5,0,NA
2023,berg_B12_SW,Rumex crispus,15,0,NA
2023,berg_B12_SW,Solanum nigrum,5,0,NA
2023,berg_B12_SW,Phragmites australis,5,0,NA
2023,berg_B12_SW,Persicaria senegalensis,10,0,NA
2023,berg_B12_SW,Senecio pterophorus,5,0,NA
2023,berg_B12_SW,Lolium perenne,15,15,NA
2023,berg_B12_SE,Persicaria senegalensis,40,0,NA
2023,berg_B12_SE,Phragmites australis,10,0,NA
2023,berg_B12_SE,Xanthium strumarium,5,0,NA
2023,berg_B12_SE,Lolium perenne,10,0,NA
2023,berg_B11_NW,Pennisetum clandestinum,30,0,NA
2023,berg_B11_NW,Lolium multiflorum,43,0,NA
2023,berg_B11_NW,Avena fatua,10,0,NA
2023,berg_B11_NW,Bromus diandrus,15,0,NA
2023,berg_B11_NE,Pennisetum clandestinum,85,0,NA
2023,berg_B11_NE,Avena fatua,5,0,NA
2023,berg_B11_NE,Bromus diandrus,5,0,NA
2023,berg_B11_SE,Avena fatua,5,0,NA
2023,berg_B11_SE,Bromus diandrus,5,0,NA
2023,berg_B11_SE,Pennisetum clandestinum,80,0,NA
2023,berg_B11_SW,Pennisetum clandestinum,47,0,NA
2023,berg_B11_SW,Lolium multiflorum,20,0,NA
2023,berg_B11_SW,Avena fatua,7,0,NA
2023,berg_B11_SW,Bromus diandrus,20,0,NA
2023,berg_B10_NW,Lolium perenne,30,0,NA
2023,berg_B10_NW,Cynodon dactylon,10,0,NA
2023,berg_B10_NW,Pennisetum macrourum,55,0,NA
2023,berg_B10_NW,Persicaria decipiens,5,0,NA
2023,berg_B10_NE,Salix babylonica,10,0,NA
2023,berg_B10_NE,Lolium sp.,5,0,NA
2023,berg_B10_NE,Nothoscordum gracile,5,0,NA
2023,berg_B10_NE,Rumex acetosella,5,0,NA
2023,berg_B10_NE,Pennisetum macrourum,75,0,NA
2023,berg_B10_SW,Salix babylonica,5,0,NA
2023,berg_B10_SW,Raphanus raphanistrum,5,0,NA
2023,berg_B10_SW,Eragrostis curvula,10,0,NA
2023,berg_B10_SW,Pennisetum macrourum,35,0,NA
2023,berg_B10_SW,Cynodon dactylon,35,0,NA
2023,berg_B10_SW,Persicaria decipiens,5,0,NA
2023,berg_B10_SE,Pennisetum macrourum,98,0,NA
2023,berg_B9_NW,Seriphium plumosum,40,0,NA
2023,berg_B9_NW,Helichrysum revolutum,30,0,NA
2023,berg_B9_NW,Echium plantagineum,5,0,NA
2023,berg_B9_NW,Pelargonium grossularioides,5,0,NA
2023,berg_B9_NW,Ehrharta longiflora,5,0,NA
2023,berg_B9_NE,Agrostis capillaris,15,0,NA
2023,berg_B9_NE,Seriphium plumosum,10,0,NA
2023,berg_B9_NE,Echium plantagineum,55,0,NA
2023,berg_B9_NE,Helichrysum revolutum,10,0,NA
2023,berg_B9_NE,Briza minor,5,0,NA
2023,berg_B9_SE,Seriphium plumosum,40,0,NA
2023,berg_B9_SE,Echium plantagineum,5,0,NA
2023,berg_B9_SE,Helichrysum revolutum,50,0,NA
2023,berg_B9_SW,Seriphium plumosum,65,0,NA
2023,berg_B9_SW,Echium plantagineum,10,0,NA
2023,berg_B9_SW,Helichrysum revolutum,15,0,NA
2023,berg_B9_SW,Hypochaeris radicata,5,0,NA
2023,berg_B8_NW,Pennisetum macrourum,69,0,NA
2023,berg_B8_NE,Pennisetum macrourum,45,0,NA
2023,berg_B8_NE,Xanthium strumarium,5,0,NA
2023,berg_B8_SW,Pennisetum macrourum,48,0,NA
2023,berg_B8_SE,Pennisetum macrourum,48,0,NA
2023,berg_B7_NW,Pennisetum macrourum,82,0,NA
2023,berg_B7_NW,Helichrysum teretifolium,5,0,NA
2023,berg_B7_NE,Pennisetum macrourum,89,10,NA
2023,berg_B7_SW,Pennisetum macrourum,89,10,NA
2023,berg_B7_SE,Pennisetum macrourum,88,10,NA
2023,berg_B6_NW,Metrosideros angustifolia,10,0,NA
2023,berg_B6_NW,Brabejum stellatifolium,20,0,NA
2023,berg_B6_NW,Passerina corymbosa,18,0,NA
2023,berg_B6_NW,Erica caffra,5,0,NA
2023,berg_B6_NW,Struthiola myrsinites,15,0,NA
2023,berg_B6_NW,Erica muscosa,10,0,NA
2023,berg_B6_NW,Drosera trinervia,10,0,NA
2023,berg_B6_NW,Restio subverticillatus,20,0,NA
2023,berg_B6_SE,Struthiola myrsinites,5,0,NA
2023,berg_B6_SE,Ficinia nigrescens,8,0,NA
2023,berg_B6_SE,Ehrharta villosa,8,0,NA
2023,berg_B6_SE,Erica caffra,20,0,NA
2023,berg_B6_SE,Restio gaudichaudianus,10,0,NA
2023,berg_B6_SE,Metrosideros angustifolia,5,0,NA
2023,berg_B6_SE,Seriphium plumosum,15,0,NA
2023,berg_B6_SE,Restio subverticillatus,15,0,NA
2023,berg_B6_SE,Erica muscosa,8,0,NA
2023,berg_B6_SE,Drosera trinervia,5,0,NA
2023,berg_B6_NE,Brabejum stellatifolium,30,0,NA
2023,berg_B6_NE,Restio gaudichaudianus,30,0,NA
2023,berg_B6_NE,Struthiola myrsinites,15,0,NA
2023,berg_B6_NE,Seriphium plumosum,5,0,NA
2023,berg_B6_NE,Passerina corymbosa,5,0,NA
2023,berg_B6_NE,Restio subverticillatus,10,0,NA
2023,berg_B6_SW,Restio subverticillatus,15,0,NA
2023,berg_B6_SW,Erica caffra,30,0,NA
2023,berg_B6_SW,Seriphium plumosum,10,0,NA
2023,berg_B6_SW,Drosera trinervia,25,0,NA
2023,berg_B6_SW,Polytrichum commune,5,0,NA
2023,berg_B6_SW,Metrosideros angustifolia,5,0,NA
2023,berg_B5_NW,Pennisetum clandestinum,50,0,NA
2023,berg_B5_NW,Quercus robur,0,30,NA
2023,berg_B5_NW,Tropaeolum majus,15,0,NA
2023,berg_B5_NW,Rubus fruticosus,5,0,NA
2023,berg_B5_NE,Rubus fruticosus,65,0,NA
2023,berg_B5_NE,Kiggelaria africana,8,0,NA
2023,berg_B5_NE,Pennisetum clandestinum,15,0,NA
2023,berg_B5_NE,Tropaeolum majus,12,0,NA
2023,berg_B5_SW,Rubus fruticosus,60,0,NA
2023,berg_B5_SW,Galium spurium,15,0,NA
2023,berg_B5_SW,Pennisetum clandestinum,15,0,NA
2023,berg_B5_SW,Vinca major,5,0,NA
2023,berg_B5_SE,Pennisetum clandestinum,80,0,NA
2023,berg_B5_SE,Quercus robur,0,10,NA
2023,berg_B5_SE,Tropaeolum majus,5,0,NA
2023,berg_B5_SE,Vinca major,5,0,NA
2023,berg_B4_NW,Pteridium aquilinum,30,0,NA
2023,berg_B4_NW,Pinus pinaster,49,0,NA
2023,berg_B4_NW,Restio perplexus,5,0,NA
2023,berg_B4_NW,Briza maxima,5,0,NA
2023,berg_B4_NW,Acacia sp.,5,0,NA
2023,berg_B4_NW,Passerina rigida,3,0,NA
2023,berg_B4_NW,Cliffortia ruscifolia,3,0,NA
2023,berg_B4_NE,Pinus pinaster,50,0,NA
2023,berg_B4_NE,Pteridium aquilinum,30,0,NA
2023,berg_B4_NE,Ehrharta erecta,10,0,NA
2023,berg_B4_SE,Acacia longifolia,15,0,NA
2023,berg_B4_SE,Pteridium aquilinum,50,0,NA
2023,berg_B4_SE,Ehrharta erecta,10,0,NA
2023,berg_B4_SE,Seriphium plumosum,5,0,NA
2023,berg_B4_SW,Pteridium aquilinum,70,0,NA
2023,berg_B4_SW,Briza maxima,5,0,NA
2023,berg_B4_SW,Ehrharta erecta,5,0,NA
2023,berg_B4_SW,Passerina rigida,5,0,NA
2023,berg_B3_NE,Metrosideros angustifolia,16,0,NA
2023,berg_B3_NE,Restio subverticillatus,16,0,NA
2023,berg_B3_NE,Prionium serratum,16,0,NA
2023,berg_B3_NW,Prionium serratum,10,0,NA
2023,berg_B3_SW,Prionium serratum,10,0,NA
2023,berg_B3_SE,Prionium serratum,10,0,NA
2023,berg_B3_SE,Metrosideros angustifolia,30,0,NA
2023,berg_B2_NW,Protea nitida,20,0,NA
2023,berg_B2_NW,Cyclopia genistoides,20,0,NA
2023,berg_B2_NW,Danthonia sp,10,0,NA
2023,berg_B2_NW,Pteridium aquilinum,5,0,NA
2023,berg_B2_NE,Searsia tomentosa,5,0,NA
2023,berg_B2_NE,Pteridium aquilinum,35,0,NA
2023,berg_B2_NE,Protea nitida,10,0,NA
2023,berg_B2_NE,Brabejum stellatifolium,10,0,NA
2023,berg_B2_NE,Danthonia sp,15,0,NA
2023,berg_B2_SW,Cliffortia ruscifolia,15,0,NA
2023,berg_B2_SW,Pteridium aquilinum,5,0,NA
2023,berg_B2_SW,Restio subverticillatus,5,0,NA
2023,berg_B2_SW,Protea repens,5,0,NA
2023,berg_B2_SW,Elytropappus rhinocerotis,10,0,NA
2023,berg_B2_SW,Cyclopia genistoides,5,0,NA
2023,berg_B2_SE,Searsia tomentosa,30,0,NA
2023,berg_B2_SE,Pteridium aquilinum,40,0,NA
2023,berg_B2_SE,Brabejum stellatifolium,10,0,NA
2023,berg_B2_SE,Hakea sp.,5,0,NA
2023,berg_B2_SE,Kiggelaria africana,5,0,NA
2023,berg_Gauge1160295_NW,Gleditsia triacanthos,35,0,NA
2023,berg_Gauge1160295_NW,Melia azedarach,35,0,NA
2023,berg_Gauge1160295_NE,Searsia lancea,10,0,NA
2023,berg_Gauge1160295_NE,Acacia longifolia,25,0,NA
2023,berg_Gauge1160295_NE,Melia azedarach,25,0,NA
2023,berg_Gauge1160295_NE,Pennisetum clandestinum,15,0,NA
2023,berg_Gauge1160295_NE,Briza maxima,10,0,NA
2023,berg_Gauge1160295_NE,Tropaeolum majus,10,0,NA
2023,berg_Gauge1160295_SW,Melia azedarach,15,0,NA
2023,berg_Gauge1160295_SW,Acacia longifolia,10,0,NA
2023,berg_Gauge1160295_SW,Searsia lancea,30,0,NA
2023,berg_Gauge1160295_SW,Pennisetum clandestinum,10,0,NA
2023,berg_Gauge1160295_SW,Ehrharta calycina,5,5,NA
2023,berg_Gauge1160295_SW,Briza maxima,10,0,NA
2023,berg_Gauge1160295_SE,Echium plantagineum,8,0,NA
2023,berg_Gauge1160295_SE,Searsia lancea,40,0,NA
2023,berg_Gauge1160295_SE,Briza maxima,0,10,NA
2023,berg_Gauge1160295_SE,Pennisetum clandestinum,0,5,NA
2023,berg_Gauge1160295_SE,Avena sativa,0,5,NA
2023,berg_Gauge1160295_SE,Acacia longifolia,15,0,NA
2023,berg_Gauge1160295_SE,Ehrharta longiflora,10,0,NA
2023,berg_Gauge1160263_NW,Sesbania sesban,5,0,NA
2023,berg_Gauge1160263_NW,Eucalyptus camaldulensis,10,0,NA
2023,berg_Gauge1160263_NW,Salix babylonica,25,0,NA
2023,berg_Gauge1160263_NW,Commelina benghalensis,10,0,NA
2023,berg_Gauge1160263_NW,Melaleuca sp. ,5,0,NA
2023,berg_Gauge1160263_NE,Salix babylonica,20,0,NA
2023,berg_Gauge1160263_NE,Populus canescens,20,0,NA
2023,berg_Gauge1160263_SW,Persicaria hydropiper,10,0,NA
2023,berg_Gauge1160263_SW,Salix babylonica,25,0,NA
2023,berg_Gauge1160263_SW,Sesbania sesban,10,0,NA
2023,berg_Gauge1160263_SW,Fraxinus angustifolia,5,0,NA
2023,berg_Gauge1160263_SE,Sesbania sesban,25,0,NA
2023,berg_Gauge1160263_SE,Salix babylonica,35,0,NA
2023,berg_Gauge1160265_NW,Searsia lancea,20,0,NA
2023,berg_Gauge1160265_NW,Diospyros glabra,15,0,NA
2023,berg_Gauge1160265_NW,Eragrostis curvula,10,0,NA
2023,berg_Gauge1160265_NW,Helichrysum indicum,5,0,NA
2023,berg_Gauge1160265_NW,Ehrharta calycina,0,10,NA
2023,berg_Gauge1160265_NE,Eragrostis curvula,40,0,NA
2023,berg_Gauge1160265_NE,Searsia undulata,20,0,NA
2023,berg_Gauge1160265_NE,Lolium perenne,0,5,NA
2023,berg_Gauge1160265_NE,Ehrharta calycina,0,5,NA
2023,berg_Gauge1160265_NE,Bromus diandrus,0,5,NA
2023,berg_Gauge1160265_SW,Searsia lancea,10,0,NA
2023,berg_Gauge1160265_SW,Eragrostis curvula,30,0,NA
2023,berg_Gauge1160265_SW,Ehrharta calycina,5,15,NA
2023,berg_Gauge1160265_SE,Searsia undulata,20,0,NA
2023,berg_Gauge1160265_SE,Eragrostis curvula,30,0,NA
2023,berg_Gauge1160265_SE,Panicum maximum,5,0,NA
2023,berg_Gauge1160265_SE,Bromus diandrus,0,10,NA
2023,berg_Gauge1160265_SE,Ehrhrta calycina,5,0,NA
2023,berg_Gauge1160265_SE,Cynodon dactylon,10,0,NA
2023,berg_Gauge1160265_SE,Lolium perenne,0,5,NA
2023,berg_Gauge1160266_NW,Tooth edged sapling- unidentified,5,0,NA
2023,berg_Gauge1160266_NW,Lolium perenne,5,0,NA
2023,berg_Gauge1160266_NW,Phragmites australis,80,0,NA
2023,berg_Gauge1160266_NE,Tooth edged sapling- unidentified,5,0,NA
2023,berg_Gauge1160266_NE,Buddleja salviifolia,5,0,NA
2023,berg_Gauge1160266_NE,Eucalyptus camaldulensis,5,0,NA
2023,berg_Gauge1160266_NE,Phragmites australis,75,0,NA
2023,berg_Gauge1160266_SE,Tooth edged sapling- unidentified,5,0,NA
2023,berg_Gauge1160266_SE,Lolium perenne,45,0,NA
2023,berg_Gauge1160266_SE,Phragmites australis,40,0,NA
2023,berg_Gauge1160266_SW,Phragmites australis,50,0,NA
2023,berg_Gauge1160266_SW,Lolium perenne,40,0,NA
2023,berg_Gauge1160266_SW,Cynodon dactylon,10,0,NA
